user_id,first_days_since_signup,first_hours_ahead,first_zip,median_income,city_id,session_length,first_MT_quality,credit_amount,gift_amount,prime_session,late_session,couple_session,weekend,status
11374,931,1,70112,28621,46,120,2.50,20,0,1,0,0,1,C
11725,930,2,90064,86533,2,60,2.46,99,0,0,1,0,1,C
19310,870,2,92101,39102,13,60,3.05,0,0,0,1,0,0,C
26485,824,1,90048,71132,2,90,3.17,20,0,1,0,0,1,C
27798,812,1,90069,78840,2,60,3.13,20,0,1,0,0,1,C
35242,759,118,90064,86533,2,60,4.96,50,0,0,1,1,0,C
38077,754,2,85032,51731,3,60,2.02,0,0,0,0,0,1,C
38924,745,2,75002,93010,17,90,3.17,0,0,0,1,0,0,C
45268,723,1,92651,101084,5,60,3.21,0,0,1,0,1,0,C
45974,719,5,70130,47591,46,60,3.17,0,0,0,0,0,0,C
46844,722,1,76051,83585,17,60,2.46,0,0,0,0,0,1,C
47010,719,1,33139,48799,4,60,4.24,50,0,0,1,0,0,C
50974,707,1,75207,30000,17,120,2.54,80,0,0,1,0,1,C
57638,681,0,33139,48799,4,60,3.77,30,0,0,1,0,0,C
62978,662,46,91502,46111,2,60,4.96,99,0,1,0,0,0,C
65236,659,1,90025,68806,2,60,2.85,0,0,0,0,1,1,C
70765,638,15,92663,103817,5,90,4.09,0,99,0,0,0,0,C
76257,624,29,94901,73424,51,60,4.01,0,0,1,0,1,0,C
76991,628,1,91723,55679,2,60,2.46,0,0,1,0,0,1,C
77402,623,1,30338,91781,21,60,3.73,0,0,0,1,0,0,C
80449,622,2,84098,103719,38,90,4.96,0,0,0,1,0,0,C
83424,619,17,75039,67364,17,60,4.92,0,0,0,0,0,1,C
84889,617,3,92264,47050,68,60,1.94,0,0,0,0,0,1,C
89745,611,56,85006,21620,3,60,3.15,0,0,0,0,1,1,C
89886,611,18,90291,71035,2,60,4.10,0,0,0,0,1,1,C
91092,607,19,30307,82543,21,60,3.13,0,0,1,0,0,0,C
93644,609,1,75201,70982,17,90,3.47,0,0,0,0,0,1,B
95200,608,1,80237,53774,28,60,4.32,0,0,1,0,0,1,C
102243,593,1,85021,44596,3,90,3.69,30,0,0,0,0,0,C
105215,590,1,85383,97469,3,120,3.69,30,0,0,0,0,0,C
133137,542,1,90049,131636,2,60,4.32,0,0,0,0,0,0,C
139726,539,4,20011,53221,14,60,2.87,30,0,1,0,1,1,C
141146,531,2,90048,71132,2,60,4.92,0,0,1,0,0,0,C
145141,528,4,95136,86094,9,60,5.00,109,0,0,0,0,0,C
145642,529,1,94523,86243,53,90,3.61,0,0,0,0,0,1,C
147754,524,1,33154,65690,4,90,2.62,0,0,0,1,0,0,C
152343,521,1,92102,39726,13,90,3.73,30,0,0,0,0,1,C
153631,514,14,10573,73394,79,90,3.77,0,0,0,0,0,0,C
157592,510,5,10014,98450,10,60,4.30,75,0,0,0,1,1,C
161354,502,4,95628,73871,71,90,2.02,20,0,0,1,0,1,C
162323,495,52,90046,66063,2,60,4.51,0,0,0,1,1,0,C
162344,495,1,94619,67254,53,60,3.69,0,0,0,1,0,0,C
163706,498,7,20008,93842,14,90,3.69,30,99,1,0,0,1,C
164707,497,7,94123,104750,1,60,4.32,20,0,0,1,0,1,C
165510,496,1,89128,62825,31,90,2.02,0,0,0,0,0,1,C
169362,484,1,91101,53376,2,90,3.13,0,0,0,0,0,0,C
169495,484,5,10019,84786,10,60,3.09,0,0,0,1,0,0,C
169552,489,22,94131,97834,1,90,4.96,0,0,0,0,0,1,C
175641,477,0,30303,27682,21,60,1.98,0,0,0,1,0,1,C
176594,471,0,76092,178284,17,90,2.54,0,0,0,1,0,0,C
181427,468,2,93108,96163,50,60,2.87,0,0,0,1,1,1,C
186513,458,20,94611,115659,53,60,3.73,0,0,1,0,0,1,C
190037,450,1,90069,78840,2,60,4.96,0,99,0,1,0,0,C
191352,447,1,92651,101084,5,90,4.96,0,0,0,0,0,1,B
191680,441,1,90265,126936,2,60,3.43,0,0,0,0,1,0,C
192744,443,33,91307,90523,2,60,4.88,0,0,1,0,0,0,C
193127,440,2,92104,48283,13,60,3.73,0,0,0,1,0,0,C
193324,441,3,90046,66063,2,90,4.94,0,0,0,1,1,0,C
197241,441,6,75230,97791,17,60,4.96,0,0,1,0,0,1,C
199633,433,67,94607,36748,53,60,4.11,0,0,1,0,0,0,C
209574,426,8,90212,74058,2,60,4.88,0,0,1,0,0,0,C
211475,424,3,94123,104750,1,60,4.64,0,0,0,1,1,0,C
213119,415,156,75050,43098,17,60,3.54,0,0,0,1,0,1,C
220621,401,3,94607,36748,53,60,3.73,30,0,1,0,0,0,C
220908,403,19,22203,90894,14,120,3.05,0,0,0,0,0,0,C
223547,397,47,90046,66063,2,60,4.64,0,0,0,1,1,0,C
226990,391,2,11216,37290,10,60,3.13,0,0,0,0,0,0,C
228678,387,1,11714,87906,36,60,4.92,0,0,0,1,0,0,C
230713,389,1,91302,135603,2,90,3.13,0,0,1,0,0,1,C
232018,387,1,10001,71245,10,60,3.73,0,0,0,1,0,0,C
236144,386,1,10003,89999,10,60,3.73,30,0,1,0,0,1,C
238278,381,16,60602,93646,18,90,3.70,60,0,0,1,0,0,C
245803,377,1,10017,102524,10,60,4.96,0,0,1,0,0,1,C
246743,375,1,75206,53391,17,90,4.96,0,0,0,0,0,1,C
248530,370,1,60618,58006,18,60,4.96,30,0,0,0,0,0,C
251257,370,1,33304,54014,4,90,4.28,0,0,0,0,0,0,C
252165,371,8,85054,63451,3,90,4.96,0,0,0,1,0,1,C
253851,370,1,94114,103206,1,60,3.13,30,0,1,0,1,1,C
257617,365,4,18938,105624,22,90,3.15,0,0,1,0,1,0,C
261910,362,3,94114,103206,1,60,3.65,0,0,0,1,0,0,B
267910,358,1,90069,78840,2,60,3.61,0,0,0,1,0,0,C
270126,358,1,91401,49559,2,60,4.96,99,0,0,0,0,1,C
271036,352,1,76006,45133,17,60,4.96,0,0,0,0,0,0,C
271940,358,1,78665,82625,12,90,3.09,30,0,0,0,0,1,C
283712,347,1,30309,68825,21,60,2.00,0,0,0,1,1,0,C
283771,347,3,10011,92359,10,90,4.92,0,0,1,0,0,0,C
287011,347,1,91030,85817,2,60,4.92,0,0,1,0,0,1,C
288872,344,1,91350,100976,2,90,3.73,0,0,0,1,0,0,C
289091,345,2,92649,88802,5,90,4.96,30,0,0,0,0,1,C
292885,342,1,60610,61110,18,60,3.01,0,0,1,0,1,1,C
295529,340,14,89109,37456,31,90,4.96,20,0,0,0,0,1,C
296779,336,1,11219,34970,10,90,3.01,0,0,0,0,0,0,C
296905,334,5,55416,74462,24,90,3.77,20,0,1,0,0,0,C
305960,331,2,90292,97805,2,60,4.28,0,0,1,0,0,0,C
307230,333,1,90024,52965,2,90,3.69,0,0,1,0,0,0,C
314368,329,9,33132,50556,4,60,3.43,0,0,1,0,1,1,C
317994,322,92,22033,106700,14,90,3.09,0,0,1,0,0,0,C
319255,328,1,92025,51807,13,60,3.09,30,0,0,1,0,1,C
325337,318,1,92657,177199,5,90,2.58,0,0,0,1,0,0,B
325366,321,1,90068,81204,2,60,4.92,99,0,1,0,0,0,C
325483,320,69,21076,93840,41,60,3.09,0,0,1,0,1,1,C
327990,322,2,11211,37632,10,60,3.15,0,0,0,1,1,1,C
328427,317,2,10024,110999,10,60,3.05,0,0,0,1,0,0,C
333808,316,1,32821,47245,34,90,2.54,0,0,0,0,0,0,C
334322,317,3,55434,64192,24,120,2.54,0,0,0,1,0,1,C
339453,311,1,90071,18994,5,60,4.03,0,0,0,0,0,0,C
341567,306,6,43220,72936,55,90,3.17,30,0,0,1,0,0,C
348808,304,4,90017,20956,2,60,4.32,0,0,0,0,1,1,C
355870,294,1,33175,59884,4,60,3.09,0,99,0,1,0,1,C
357312,287,7,98106,60618,15,120,3.73,0,0,0,1,0,0,C
357899,292,2,80209,82848,28,90,3.09,0,0,1,0,0,1,C
361546,284,1,92103,60670,13,60,3.05,0,0,0,0,0,0,C
362568,282,13,11746,105002,36,60,2.46,0,0,0,0,0,0,C
363271,281,2,91325,63607,2,60,3.93,208,0,0,1,1,0,C
364683,282,2,10025,65001,10,60,3.43,0,0,0,0,1,1,C
365381,279,1,90068,81204,2,60,4.34,0,0,0,1,1,0,C
366210,275,27,90046,66063,2,60,3.49,0,99,0,1,0,0,C
366925,278,3,94105,112333,1,60,3.61,0,0,1,0,0,0,C
370391,273,33,60608,35283,18,90,3.73,0,0,0,1,1,0,C
370598,278,3,89149,81150,31,60,2.58,0,0,1,0,0,1,C
371560,273,19,80111,102466,28,60,3.73,0,0,0,0,0,0,C
373224,273,1,91803,57997,2,60,1.90,0,0,1,0,0,0,C
377897,268,3,43220,72936,55,90,3.05,0,0,1,0,0,0,B
381684,267,15,94608,46499,53,90,4.28,0,0,0,0,0,1,C
383720,263,1,90069,78840,2,60,4.01,30,0,0,1,1,0,C
386091,262,45,92253,73513,68,60,2.82,0,0,1,0,1,1,C
386979,263,2,33029,96743,4,90,4.96,0,0,1,0,1,1,C
387844,258,1,33154,65690,4,60,3.13,0,0,1,0,0,0,C
388392,263,2,90004,40358,2,90,3.96,20,0,0,0,1,1,C
388881,257,1,60657,78623,18,60,3.09,30,0,0,1,0,0,C
390652,257,1,33019,71241,4,60,3.77,0,0,1,0,0,0,C
390753,258,25,78628,78763,12,60,3.13,0,0,0,0,0,1,B
395504,254,1,90401,45854,2,90,3.73,0,0,1,0,0,0,B
397066,249,2,32837,60997,34,90,3.05,0,0,0,1,0,0,C
398771,252,1,91423,75759,2,90,2.26,0,0,0,0,0,1,C
400082,250,14,20008,93842,14,60,4.92,0,0,0,0,0,1,C
404358,243,1,90069,78840,2,90,4.34,0,0,0,0,0,0,C
410732,231,1,60643,58105,18,90,4.96,0,0,0,0,0,0,C
413612,230,1,44143,71546,48,90,3.17,0,0,0,1,0,0,C
416208,230,49,94607,36748,53,60,2.58,30,0,0,0,0,1,C
418249,225,22,91750,82845,32,60,4.03,0,0,0,1,1,0,C
419901,231,5,90067,104808,2,60,4.62,20,0,0,1,0,1,C
420698,225,10,28211,73652,39,60,3.17,0,0,1,0,0,0,C
421691,228,1,94123,104750,1,90,3.69,0,0,0,0,0,1,C
426914,221,10,43017,102281,55,90,2.02,0,0,0,0,0,0,C
429543,221,1,91206,61546,2,60,1.90,0,99,0,0,0,1,C
431662,212,1,94960,103154,51,60,4.28,0,0,0,0,0,0,C
431910,212,3,94610,87901,53,60,2.93,0,208,0,1,1,0,C
433532,214,1,90004,40358,2,60,4.92,0,0,0,0,0,0,C
441085,205,14,93101,52843,50,60,3.09,0,0,0,0,0,1,C
443045,204,1,91761,67514,32,60,3.09,30,0,0,0,0,1,B
444186,197,6,22205,129532,14,60,2.50,0,0,1,0,1,0,C
446651,197,3,91362,114930,2,60,3.13,99,0,0,1,0,0,C
446831,199,25,90069,78840,2,60,4.95,0,0,0,0,1,1,C
446897,197,19,78704,47497,12,90,4.92,0,0,0,0,0,0,C
449142,196,1,98133,57182,15,60,4.96,0,0,0,1,0,0,C
452655,192,1,33139,48799,4,60,3.73,0,0,0,1,0,0,C
452825,191,1,32750,67657,34,90,4.28,0,0,0,1,0,0,C
459200,183,97,20016,138566,14,90,3.05,285,0,0,0,1,1,C
459739,184,7,90290,122885,2,90,3.13,0,0,1,0,0,0,C
461283,180,1,91364,104305,2,90,3.05,0,0,0,1,0,0,C
466774,172,1,11101,39955,57,90,3.17,0,0,0,1,0,0,C
470787,172,12,75039,67364,17,60,4.88,0,0,0,0,0,0,C
473628,169,0,98115,82556,15,60,4.96,0,0,0,1,0,0,C
474779,167,1,90049,131636,2,60,4.34,99,0,0,1,0,0,C
474785,167,1,89119,39337,31,90,3.13,0,0,1,0,0,0,C
475624,166,1,90049,131636,2,60,4.92,99,0,0,1,0,0,C
476452,166,1,91505,68901,2,60,3.13,0,0,0,1,0,0,C
477793,161,1,11219,34970,10,60,2.02,0,0,0,0,0,0,C
478002,163,1,32830,61087,34,90,2.54,0,0,0,1,0,0,C
479114,164,1,20164,87106,14,60,4.88,0,0,0,1,0,0,C
479232,156,212,91324,63563,2,60,4.92,30,69,1,0,0,1,C
479479,164,1,92130,127760,13,60,3.07,0,0,1,0,1,0,C
479581,163,7,33129,64143,4,60,4.01,0,0,1,0,0,0,C
481217,163,1,91364,104305,2,60,3.13,30,0,0,0,0,1,C
481806,158,2,94116,95090,1,60,3.73,30,0,0,1,0,0,C
482601,160,1,98106,60618,15,60,3.13,0,0,1,0,0,0,C
483020,161,1,89129,72034,31,60,2.26,0,0,0,1,1,1,C
483989,160,1,75165,59650,17,60,4.92,0,0,1,0,0,1,C
484374,155,58,78729,59267,12,60,3.54,30,0,0,1,1,0,C
486253,158,1,33160,55814,4,60,4.32,0,0,0,1,1,0,C
486388,153,30,21012,100952,41,90,3.17,30,0,0,0,0,0,C
488023,140,428,80123,71300,28,60,2.89,0,0,1,0,0,1,C
490843,154,1,44124,67656,48,60,1.41,0,0,1,0,0,0,C
493530,148,26,19130,57296,22,60,2.19,99,0,0,1,1,0,C
495306,152,21,20171,139278,14,60,3.73,20,0,1,0,0,1,C
500967,146,1,19115,54682,22,60,2.02,0,0,0,0,0,0,C
502736,147,17,84103,66798,38,60,1.61,0,0,0,0,1,1,C
507743,140,19,28209,64240,39,90,3.17,0,0,0,0,0,0,C
512094,134,1,89128,62825,31,60,3.17,0,0,1,0,0,0,C
514148,134,1,20010,58574,14,60,4.92,0,0,1,0,0,0,C
514742,134,3,92109,65767,13,60,3.73,30,0,0,0,0,1,C
517043,130,1,11420,55056,57,60,3.73,0,0,0,0,0,0,B
519676,129,2,92629,83558,5,60,3.77,30,0,1,0,0,0,C
519911,130,4,94010,120060,9,120,3.73,0,0,0,1,0,1,C
520585,128,1,90077,205546,2,60,3.09,30,0,1,0,0,0,C
522649,127,19,10025,65001,10,90,4.03,0,0,1,0,1,1,C
523085,121,1,90045,93889,2,60,4.28,0,0,0,1,0,0,C
523183,123,1,33132,50556,4,120,3.96,0,0,0,1,0,0,A
524942,122,4,78701,65353,12,60,3.73,0,0,1,0,0,0,C
527582,121,1,60601,94715,18,60,3.09,0,0,0,1,0,0,C
528311,116,1,11219,34970,10,60,1.86,0,0,0,1,0,0,C
533287,101,358,40220,50280,49,60,2.50,0,0,1,0,1,1,C
535562,112,1,94002,105580,9,60,1.94,0,0,1,0,0,0,C
539732,109,11,20037,60051,14,60,2.88,0,0,0,0,1,1,C
540986,105,2,32814,63540,34,120,3.13,20,0,0,1,0,0,C
543003,102,1,33140,86562,4,60,4.96,0,0,1,0,0,0,B
544660,101,1,85286,90420,3,90,3.81,0,0,1,0,0,0,C
549430,101,1,10005,115133,10,60,3.73,0,0,0,1,0,1,C
551179,93,23,20032,34183,14,120,4.96,30,0,0,0,0,0,C
553433,92,7,55423,51458,24,90,4.96,0,0,0,0,0,0,C
555328,95,1,94611,115659,53,60,4.90,0,0,0,0,1,1,C
557315,92,1,22124,160488,14,90,3.17,0,0,0,0,1,1,C
558863,86,1,10019,84786,10,60,4.32,0,0,0,1,0,0,C
560009,85,1,33176,72690,4,90,1.90,145,0,0,1,0,0,C
560442,84,1,30022,105468,21,60,3.17,0,0,1,0,0,0,C
560954,90,1,92831,64450,5,60,3.49,30,0,1,0,0,1,C
561341,89,1,92131,127010,13,60,2.41,20,0,0,1,0,1,C
562141,85,1,94062,126761,9,60,3.01,0,0,1,0,0,0,C
562985,88,2,95054,113537,9,90,1.94,0,0,0,1,0,1,C
564994,83,20,94121,80980,1,90,3.77,20,0,1,0,0,1,C
565132,83,1,78750,83540,12,60,0.00,0,0,0,1,0,0,C
565382,84,2,10021,113800,10,90,3.77,0,0,1,0,0,1,C
565742,82,1,94115,76493,1,60,3.17,15,0,1,0,0,0,C
568200,80,3,33131,70421,4,120,3.73,0,0,0,1,1,1,C
568314,78,1,90066,64732,2,60,3.73,0,0,0,1,1,0,C
571280,73,1,92130,127760,13,90,3.09,0,0,0,0,0,0,C
574489,67,22,90405,74562,2,90,4.88,0,0,0,0,0,0,C
575053,70,1,89109,37456,31,90,3.17,0,0,1,0,0,0,C
576134,71,6,43026,72081,55,60,4.36,0,99,1,0,1,1,C
577688,67,1,90266,137077,2,90,3.77,0,0,0,1,0,0,C
577745,67,1,90066,64732,2,60,3.73,99,0,0,0,0,0,C
578181,69,1,30309,68825,21,60,3.09,0,0,0,1,0,0,C
579564,65,1,46240,58821,27,60,3.13,0,0,0,1,0,0,C
579634,69,17,94941,112586,1,60,3.65,0,0,0,0,1,1,C
580890,62,1,19107,41800,22,60,1.94,35,0,0,1,0,0,C
580926,62,1,21286,74787,41,90,2.54,0,0,0,1,0,0,C
581103,66,23,90272,150466,5,60,4.92,0,99,0,0,0,1,C
581515,62,1,90042,53075,2,90,4.96,145,0,0,1,0,0,C
582409,60,1,90212,74058,2,60,4.05,50,0,0,1,0,0,C
584774,62,1,11236,59568,10,60,3.19,0,0,0,0,0,1,C
585465,61,9,75230,97791,17,60,4.96,0,0,0,1,1,1,C
585530,63,1,92802,50519,5,90,3.69,0,0,0,1,0,1,C
586667,61,1,90212,74058,2,60,4.62,30,0,0,1,1,1,C
587094,54,80,89169,35305,31,60,3.62,0,0,1,0,1,0,C
587310,59,7,30349,49881,21,60,3.73,0,0,0,0,0,1,C
587422,55,2,19355,103406,22,60,3.41,20,0,1,0,0,0,C
587610,57,5,90717,63945,2,60,4.36,0,0,1,0,0,0,C
587640,59,2,60617,39216,18,60,2.93,0,0,0,0,0,1,B
588676,54,20,10473,36132,56,60,3.73,0,0,0,0,0,0,C
588821,58,2,92592,86149,69,60,2.36,0,0,0,0,1,1,C
590114,51,22,21152,93530,41,60,2.91,0,0,0,1,1,0,C
591155,52,3,90071,18994,2,60,4.92,10,0,0,1,0,0,C
591859,55,1,32835,58298,34,90,3.17,30,0,0,1,0,0,C
592222,54,1,90291,71035,2,60,3.77,30,0,0,0,0,0,C
592660,54,16,92211,67946,68,90,2.58,20,0,0,0,1,1,C
595234,48,1,11101,39955,57,60,3.77,0,0,1,0,1,0,C
595735,49,30,90048,71132,2,60,3.49,99,0,1,0,0,0,C
597941,45,1,89120,58036,31,90,2.54,30,0,0,0,0,0,C
597990,46,1,34787,69790,34,90,2.50,0,0,0,0,0,0,B
598288,50,2,94103,53548,1,90,3.61,0,0,0,0,0,1,C
599826,48,1,90048,71132,2,60,3.73,30,0,0,0,0,1,A
600772,47,4,92262,43890,68,60,3.15,0,0,1,0,1,1,C
601079,48,1,37138,61487,52,90,3.13,0,0,0,1,0,1,C
601333,47,1,89118,51243,31,60,2.87,0,99,0,0,1,1,C
602381,44,9,78613,77679,12,90,3.09,0,0,0,0,0,1,C
602680,41,1,11239,24882,10,60,3.73,20,0,0,0,0,0,C
604541,37,2,98007,69589,15,60,4.36,0,0,1,0,0,0,C
604700,40,1,30303,27682,21,60,3.73,20,0,0,1,0,0,C
605136,37,4,90814,64440,2,60,4.36,0,0,0,1,0,0,C
605704,40,6,10069,54236,10,90,1.90,30,0,0,1,0,0,C
606276,38,1,89119,39337,31,60,3.41,0,0,1,0,1,0,C
607335,35,22,92704,58595,5,60,3.69,0,0,1,0,0,0,C
607413,40,2,40059,115056,49,90,1.70,30,0,1,0,0,1,C
608275,33,1,89052,80294,31,60,3.77,0,0,0,1,0,0,C
608578,35,6,90028,31718,2,90,4.96,0,0,1,0,0,0,C
608774,34,6,94306,117366,9,90,4.84,0,0,0,1,0,0,B
608882,34,14,22033,106700,14,60,3.65,30,0,0,0,0,0,C
609281,35,11,90043,47856,2,60,3.77,0,0,0,0,0,0,C
609535,33,1,92101,39102,13,90,3.17,0,0,0,1,0,0,B
609697,36,1,19130,57296,22,90,3.17,40,0,1,0,0,1,C
610742,32,1,91324,63563,2,60,4.28,30,0,0,0,0,0,C
611386,30,27,63122,83321,40,60,2.58,0,0,0,0,1,0,C
612336,33,11,94402,110787,9,90,3.69,0,0,0,0,0,1,C
612636,34,3,94110,75106,1,60,4.92,0,0,0,0,0,1,C
613312,29,2,60525,85155,18,60,2.46,0,0,0,1,0,0,C
613335,16,390,46268,48331,27,60,3.09,20,0,0,1,1,0,C
613721,33,0,77346,87093,25,90,3.73,0,0,1,0,1,1,C
613959,29,2,22202,101770,14,60,3.05,0,0,0,0,0,0,C
615528,29,10,94123,104750,1,60,3.77,0,0,0,0,0,0,C
615727,29,1,33196,69504,4,90,3.69,20,0,0,1,0,0,A
616828,29,2,33125,26946,4,60,3.13,20,0,0,0,0,1,C
616963,24,1,90036,77165,2,60,3.69,0,0,0,0,0,0,C
618427,25,2,78701,65353,12,90,3.73,20,0,0,1,0,0,C
618490,26,4,92677,97860,5,90,3.41,0,145,0,1,0,0,C
618699,22,1,32836,97804,34,60,3.73,0,0,1,0,0,0,C
618850,22,1,91387,90381,2,60,2.54,20,0,0,0,0,0,C
618878,25,1,10023,108286,10,60,4.92,0,0,0,0,0,0,B
618981,26,20,90814,64440,2,90,3.13,20,0,1,0,0,1,C
620075,23,18,94401,77198,9,90,3.73,0,0,0,0,0,0,C
620408,23,1,75068,74370,17,60,3.17,20,0,0,1,0,0,C
620848,22,52,20009,73397,14,60,2.47,20,0,0,0,1,0,C
621245,23,1,20004,118357,14,60,2.02,0,0,1,0,0,0,C
621821,23,1,21113,88403,41,60,3.01,0,0,0,1,0,0,C
621896,19,7,75238,61572,17,90,4.88,0,145,0,1,0,0,C
622184,23,1,75052,67989,17,60,3.69,0,0,0,0,0,0,C
622298,21,16,89109,37456,31,90,2.54,0,0,0,0,0,0,C
623434,23,1,77007,76883,25,60,4.24,0,0,0,1,0,1,C
700534,17,2,40206,47341,49,90,3.13,0,0,1,0,0,0,C
700625,21,12,78209,70758,45,60,4.96,0,0,0,0,0,1,B
700830,18,1,94124,49309,1,90,4.92,0,0,0,0,0,0,C
700900,21,1,94110,75106,1,60,3.01,0,0,0,0,0,1,C
700954,13,70,91320,104284,2,60,4.36,99,0,0,0,0,0,C
701079,20,1,90405,74562,2,120,3.93,20,0,0,0,0,0,C
701858,19,1,10031,31526,10,60,3.33,0,0,0,1,0,0,C
702161,14,71,37013,51532,52,120,1.94,0,0,1,0,0,0,C
702297,17,1,20017,54075,14,90,2.37,20,0,0,0,0,0,C
702495,21,0,77489,55641,25,60,4.62,0,0,1,0,1,1,C
702590,17,3,80206,58610,28,90,2.41,20,0,0,1,0,0,C
702831,10,90,75201,70982,17,60,4.96,0,0,0,0,0,0,C
703127,14,3,94122,77483,1,60,4.28,0,0,0,0,0,0,C
703132,14,112,78745,40987,12,120,4.96,0,185,0,0,0,1,C
703134,15,83,44113,30283,48,60,2.85,0,0,0,0,1,1,C
703314,6,269,94305,52859,9,90,4.88,25,0,0,0,0,0,C
703811,13,1,92109,65767,13,60,3.13,0,0,1,0,0,0,C
704519,12,25,73120,49560,37,60,3.11,0,0,1,0,0,0,C
705010,18,3,21030,67353,41,60,2.02,0,0,1,0,0,1,C
705087,14,1,19131,32774,22,60,3.13,0,0,0,1,0,0,C
705250,16,6,78249,58880,45,60,3.13,0,0,0,1,0,1,C
705285,14,1,33708,49940,74,60,3.13,0,0,0,0,0,0,A
705641,16,16,94954,79596,51,60,3.81,0,0,0,0,0,1,C
705709,17,1,92707,57620,5,60,3.13,20,0,0,1,0,1,C
705864,13,3,19107,41800,22,60,2.10,0,0,1,0,1,0,C
706253,15,3,11215,81331,10,60,1.25,0,0,1,0,1,1,C
706607,10,1,33076,112649,4,60,2.41,0,0,1,0,0,0,C
706721,16,1,90046,66063,2,90,4.64,0,0,0,0,1,1,C
706724,12,20,94605,58796,53,60,4.28,0,0,0,0,0,0,C
706950,13,44,92583,41666,69,90,3.13,0,0,0,0,0,1,C
707550,0,334,90254,96896,2,60,3.94,0,99,0,0,0,0,C
707598,10,2,90036,77165,2,60,4.96,20,0,0,0,0,0,C
708394,9,9,21044,97778,41,60,3.09,30,0,0,1,1,0,C
708459,13,7,10022,93107,10,90,2.64,0,0,1,0,1,1,C
708465,3,244,60601,94715,18,60,3.28,0,0,0,1,1,0,C
708663,7,51,75028,109450,17,60,4.96,5,0,1,0,1,0,C
708812,12,5,78233,53220,45,90,1.62,0,0,1,0,0,0,C
708940,7,68,76063,88323,17,60,4.96,5,0,0,0,0,0,C
709601,14,1,33021,57047,4,60,2.81,0,0,0,1,1,1,C
709742,8,5,90042,53075,2,60,4.36,5,0,1,0,0,0,C
710066,12,1,77006,61555,25,60,4.96,0,0,0,0,0,1,C
710188,8,3,94402,110787,9,60,3.71,25,0,0,1,0,0,C
710201,3,194,44147,77458,48,60,2.07,0,0,0,1,1,0,C
710214,13,3,94124,49309,1,60,3.05,0,0,1,0,0,1,C
710387,12,2,33157,64221,4,60,1.90,0,0,0,1,0,1,C
710422,7,8,20005,68818,14,60,2.02,5,0,1,0,0,0,C
710650,9,1,92618,95198,5,60,3.71,73,0,0,1,1,0,C
710703,0,180,98133,57182,15,90,4.96,0,0,0,0,0,0,C
710862,8,1,78628,78763,12,60,3.13,5,0,0,0,1,0,C
710935,11,4,94607,36748,53,60,4.28,20,0,1,0,0,0,C
711225,7,8,90210,143667,2,60,4.66,5,94,0,1,0,0,C
711463,8,1,33014,43858,4,60,4.96,5,0,1,0,0,0,C
711668,6,17,23502,50182,43,60,3.09,0,0,0,1,0,0,C
711682,8,46,78704,47497,12,90,4.34,5,0,1,0,0,0,C
711689,10,9,77573,86178,25,90,3.69,5,0,0,1,1,0,C
711880,10,4,97221,82881,29,60,3.05,5,0,0,1,1,0,C
712100,6,1,95660,42196,71,60,2.02,5,0,0,1,0,0,C
712120,1,107,33122,33542,4,60,4.96,0,0,0,0,0,0,C
712228,0,212,28277,97891,39,60,1.98,20,0,0,0,0,0,C
712334,5,18,22102,142672,14,90,3.69,5,0,1,0,0,0,A
712390,6,1,22030,111385,14,60,4.96,5,0,1,0,0,0,C
712417,0,181,78664,64587,12,90,2.72,20,0,0,0,1,0,C
712498,7,2,94603,40895,53,60,3.77,25,0,1,0,1,0,C
712513,6,1,33607,32323,74,90,3.73,25,0,0,1,0,0,C
712563,5,4,33141,40148,4,60,3.17,5,0,0,1,0,0,C
712625,6,2,92612,72424,5,60,4.32,5,0,0,1,0,0,C
712770,4,23,90049,131636,2,90,4.32,0,0,1,0,0,0,C
712978,7,29,91001,83859,2,60,4.07,5,0,0,1,1,0,C
713216,11,4,33131,70421,4,60,4.33,0,0,0,1,1,1,C
713532,6,1,90025,68806,2,60,3.73,55,0,0,1,0,0,C
713685,5,2,10001,71245,10,60,2.83,5,0,0,1,1,0,C
713727,8,1,33607,32323,74,90,2.02,5,0,0,0,0,0,C
713754,7,28,63141,106212,40,60,2.58,25,0,1,0,0,0,B
713757,5,24,85032,51731,3,90,3.17,5,0,0,1,1,0,C
713812,6,41,93105,79562,50,60,3.09,5,0,0,0,0,0,C
713848,6,4,91344,78168,2,90,4.32,5,0,0,1,1,0,C
714002,6,2,46237,58997,27,60,2.26,0,0,0,1,0,0,B
714161,0,191,20011,53221,14,90,4.30,0,0,0,0,0,0,C
714211,4,1,92626,74561,5,90,3.09,0,0,0,1,0,0,C
714271,5,6,80209,82848,28,60,3.17,25,74,1,0,0,0,C
714291,0,92,10036,62393,10,90,4.36,0,0,0,0,0,0,C
714375,0,184,20814,131960,14,60,2.79,99,0,0,0,0,0,C
714392,3,27,94118,75724,1,60,4.58,20,0,1,0,1,0,C
714423,7,4,33160,55814,4,90,3.13,5,0,0,1,0,0,C
714424,9,1,33139,48799,4,90,2.37,0,0,1,0,0,1,C
714550,0,181,20814,131960,14,60,2.22,99,0,0,0,0,0,C
714551,4,3,10022,93107,10,90,4.96,0,0,0,0,0,0,C
714655,5,1,33626,91546,74,60,3.73,5,0,1,0,0,0,C
714928,3,3,33761,55590,74,60,2.02,0,0,0,0,0,0,C
714945,0,81,92629,83558,5,60,3.77,0,99,1,0,0,0,C
714956,6,57,10017,102524,10,60,3.96,5,208,1,0,1,1,C
714999,0,97,90048,71132,2,60,4.88,0,0,0,0,0,0,C
715189,6,25,20001,60288,14,60,3.06,5,0,0,1,1,0,C
715208,4,88,92264,47050,68,60,3.05,20,0,0,0,0,1,C
715314,2,5,77375,68467,25,60,4.96,0,0,0,1,0,0,C
715394,7,22,30308,51700,21,90,3.73,5,0,0,0,1,1,C
715407,4,2,90025,68806,2,60,4.92,99,0,1,0,0,0,C
715432,5,1,97229,98462,29,90,2.02,20,0,0,0,0,0,C
715444,0,71,33534,44515,74,60,1.92,20,0,0,1,1,0,C
715498,2,1,34786,89067,34,60,3.13,0,0,1,0,0,0,C
715563,4,5,22201,102635,14,60,3.41,20,0,0,1,0,0,C
715571,1,22,43147,84534,55,60,1.94,30,0,0,1,0,0,C
715733,1,42,48009,112772,66,60,1.82,0,0,0,0,0,0,C
715755,4,1,92804,53354,5,60,2.02,0,0,0,1,0,0,C
715817,6,39,28211,73652,39,60,2.26,5,0,0,0,1,1,C
715901,3,4,75044,65597,17,60,2.16,0,0,0,1,0,0,C
715904,1,16,94539,139900,9,90,4.84,0,0,0,0,0,0,C
715958,2,1,45202,32513,42,90,2.54,20,0,0,0,0,0,C
715972,2,1,90401,45854,2,60,4.88,0,0,0,0,0,0,C
716194,4,2,92663,103817,5,60,3.13,0,0,0,1,0,0,C
716231,0,43,20018,52547,14,60,4.32,0,0,0,0,0,0,C
716301,0,94,28226,82899,39,60,2.46,0,99,0,0,0,0,C
716332,2,2,95492,74318,51,60,2.58,0,0,0,0,0,0,C
716358,5,1,91604,92632,2,90,4.03,25,0,0,1,1,0,C
716363,7,10,77339,77727,25,60,3.12,5,0,0,1,1,1,C
716474,5,1,23455,63224,43,60,3.09,45,0,0,1,0,0,C
716517,0,47,77042,54081,25,60,4.28,0,0,1,0,0,0,C
716746,3,2,94112,72442,1,90,3.77,0,0,1,0,0,0,C
716766,6,22,84109,76856,38,60,2.22,5,0,0,0,0,1,C
716839,0,44,33180,69592,4,60,3.69,0,0,1,0,1,0,B
716943,1,1,75204,55205,17,90,3.69,0,0,0,0,0,0,B
716954,2,71,60614,89741,18,90,4.96,0,0,1,0,0,0,C
717097,0,111,78641,70098,12,120,5.00,0,0,1,0,0,0,C
717102,7,1,92101,39102,13,60,3.21,5,0,1,0,0,1,C
717276,0,74,45215,52604,42,60,3.05,0,0,0,0,1,0,C
717513,6,13,11713,77829,36,60,3.01,5,0,0,0,0,1,C
717693,0,15,78108,78876,45,60,4.40,20,0,0,0,0,0,C
717775,0,21,98101,37606,15,120,4.03,0,0,0,1,0,0,C
717833,4,42,46219,43799,27,60,3.08,105,0,0,0,1,1,C
717838,0,13,11238,61469,10,60,4.92,20,0,0,0,0,0,C
717895,7,3,90275,114005,2,60,3.21,5,0,1,0,0,1,C
717899,0,163,10801,58707,79,120,4.03,20,0,0,0,0,1,C
717975,2,8,94574,72649,51,120,3.69,0,0,1,0,0,0,C
717996,1,3,11101,39955,57,60,4.92,0,0,0,1,0,0,C
717999,0,16,80228,76213,28,60,4.32,0,0,0,0,1,0,C
718001,0,73,19137,40847,22,90,2.77,0,0,1,0,0,0,C
718016,6,3,94301,147936,9,90,4.32,25,0,0,1,0,1,C
718086,6,1,92020,54535,13,60,3.17,208,0,0,1,1,1,B
718115,0,5,11590,87977,36,60,4.03,0,0,0,1,0,0,C
718140,3,2,37214,47949,52,120,3.13,0,0,0,0,0,0,C
718206,0,71,19137,40847,22,90,3.13,0,0,1,0,0,0,C
718273,0,25,94618,117125,53,120,3.77,0,0,1,0,0,0,C
718418,0,62,33158,121193,4,60,4.05,20,0,0,0,0,0,C
718441,2,1,94107,99924,1,60,4.92,0,0,0,1,0,0,C
718468,5,1,30324,59794,21,90,3.09,25,0,0,0,0,1,C
718471,4,1,90029,35870,2,60,4.96,99,0,0,0,0,0,C
718473,0,25,85259,107864,3,60,2.99,0,198,0,1,1,0,C
718526,0,2,90212,74058,2,60,3.09,0,0,0,1,0,0,C
718537,2,62,94107,99924,1,60,4.64,0,0,0,0,0,1,C
718580,2,1,20166,97670,14,60,3.09,0,0,0,0,0,0,C
718585,3,1,10022,93107,10,120,4.32,0,0,0,1,0,0,C
718684,5,3,94041,89017,9,60,2.50,5,0,0,0,0,1,C
718689,1,7,73120,49560,37,90,2.54,0,0,0,1,0,0,C
718807,0,1,33304,54014,4,90,4.20,0,145,0,1,0,0,C
718817,3,1,89135,79718,31,60,3.13,0,0,0,1,0,0,C
718947,0,7,48212,25257,66,90,1.90,0,0,1,0,0,0,B
718968,1,6,91405,37227,2,60,3.69,20,0,0,0,0,0,C
718990,0,30,43201,23203,55,60,3.17,20,0,0,0,0,0,C
718995,5,1,21043,100293,41,120,3.05,5,0,0,0,0,1,C
719025,0,1,60611,85578,18,60,2.50,0,0,0,0,1,0,C
719044,0,1,20814,131960,14,60,3.01,0,0,0,0,0,0,C
719052,1,1,60062,102161,18,60,3.77,20,0,1,0,0,0,C
719132,0,1,48154,74073,66,60,3.81,0,0,0,0,0,0,C
719135,2,1,55401,69441,24,60,4.96,20,0,0,1,0,0,C
719140,0,2,11937,79893,36,60,2.02,0,0,1,0,0,0,C
719141,0,6,78741,28600,12,60,4.96,20,0,1,0,0,0,C
719166,0,50,33029,96743,4,60,3.13,0,0,0,0,0,0,C
719221,0,0,90026,43918,2,60,4.88,0,0,0,0,0,0,C
719231,0,2,75041,43637,17,60,3.45,0,0,0,0,0,0,C
719238,0,1,33067,98652,4,90,4.68,0,0,0,1,1,0,C
719252,0,1,33180,69592,4,90,3.13,0,0,0,0,0,0,B
719261,0,5,84098,103719,38,60,3.77,20,0,1,0,0,0,C
719267,0,6,75252,64098,17,60,4.96,20,0,1,0,1,0,C
719279,0,3,21211,48519,41,90,3.11,0,0,1,0,0,0,C
719298,0,1,11509,106773,36,60,3.21,0,0,0,0,0,0,C
719302,1,1,32208,29084,67,60,1.70,20,0,0,1,0,0,B
719312,0,5,10001,71245,10,90,4.96,0,0,1,0,0,0,C
719315,0,45,48035,45996,66,90,1.90,0,0,0,0,0,0,A
719316,0,1,20036,82170,14,60,2.02,20,0,0,0,0,0,C
719324,0,1,78704,47497,12,60,3.17,20,0,0,0,0,0,C
719332,0,2,78731,66320,12,90,4.96,0,0,0,0,0,0,C
719352,0,2,10031,31526,10,60,4.92,0,0,1,0,0,0,C
719361,1,1,63108,32420,40,90,2.58,0,0,1,0,0,0,C
719366,0,142,90292,97805,2,60,4.28,0,0,0,0,0,1,C
719373,0,1,78723,40820,12,60,3.09,0,0,0,0,0,0,C
719377,0,1,98116,75728,15,90,3.73,20,0,0,0,0,0,C
719397,1,1,85040,32681,3,60,3.17,0,0,0,0,0,0,C
719400,0,3,45241,76855,42,90,2.02,0,0,1,0,0,0,C
719413,0,3,20002,61221,14,90,4.92,20,0,1,0,0,0,C
719416,0,1,34756,66381,34,60,2.02,0,0,1,0,0,0,C
719422,0,1,94123,104750,1,90,3.13,20,0,0,0,0,0,C
719425,0,6,91604,92632,2,90,4.92,0,145,1,0,0,0,C
719439,0,1,98036,65884,15,60,4.28,0,0,0,0,0,0,C
719450,0,12,60605,74841,18,60,4.34,20,0,0,0,1,0,C
719463,0,35,98101,37606,15,60,4.66,0,0,0,1,1,0,C
719466,3,9,78666,34976,12,60,4.36,0,0,0,0,0,0,C
719468,0,17,37221,74128,52,60,2.54,0,0,0,0,0,0,C
719471,0,2,92127,108504,13,60,3.17,0,0,1,0,0,0,C
719489,0,2,28134,51856,39,60,2.58,0,0,0,1,0,0,C
719495,0,0,10014,98450,10,60,4.92,0,0,1,0,0,0,C
719497,0,8,89103,42954,31,120,3.17,20,0,0,1,0,0,C
719499,0,1,92861,139542,5,60,5.00,0,0,1,0,0,0,C
719515,0,1,33613,30744,74,60,2.02,0,0,1,0,0,0,C
719531,0,8,89103,42954,31,120,4.96,20,0,0,1,0,0,C
719560,0,3,94107,99924,1,90,4.92,20,0,1,0,0,0,C
719561,0,97,34747,73257,34,60,3.45,20,0,1,0,1,0,C
719568,0,1,30309,68825,21,90,3.13,0,0,0,0,0,0,C
719570,0,45,90019,42615,2,60,4.96,0,99,0,0,0,0,C
719584,0,1,94127,127575,1,60,3.21,20,0,1,0,0,0,C
719635,1,28,90403,74213,2,60,4.36,0,0,0,1,0,0,C
719636,1,1,32819,80419,34,90,4.28,53,0,0,1,0,0,C
719641,0,1,90045,93889,2,60,3.73,0,0,1,0,0,0,C
719645,0,0,37067,90865,52,90,3.13,0,0,1,0,0,0,C
719655,0,114,91316,69375,2,60,4.96,0,99,0,0,0,1,C
719671,0,1,55439,96376,24,60,2.62,0,0,0,1,0,0,C
719672,0,1,92131,127010,13,60,3.13,0,0,1,0,0,0,C
719681,0,1,75056,89023,17,90,4.96,0,0,0,1,0,0,C
719692,0,1,10022,93107,10,60,4.96,0,0,0,1,0,0,C
719693,0,2,92823,98946,5,90,3.13,0,0,0,1,0,0,C
719695,0,1,19103,57300,22,90,3.77,0,0,0,1,0,0,C
719701,0,1,60638,60046,18,60,3.09,0,0,0,1,0,0,C
719705,1,2,22201,102635,14,60,3.65,20,0,1,0,0,0,C
719746,0,1,90024,52965,2,90,3.81,0,0,1,0,0,0,C
719773,0,1,77057,59505,25,60,3.13,0,0,0,1,0,0,C
719778,0,1,76011,34650,17,90,3.09,0,0,0,1,0,0,C
719781,0,14,92663,103817,5,60,3.13,99,0,0,0,0,0,C
719793,1,0,60605,74841,18,60,4.96,0,0,0,1,0,0,C
719799,0,22,60093,174451,18,90,4.96,0,0,0,1,0,0,C
719814,0,0,92109,65767,13,60,3.09,0,0,0,1,0,0,C
719816,0,1,90015,24762,2,60,4.36,20,0,0,1,0,0,C
719836,1,3,89052,80294,31,90,2.54,0,0,1,0,0,0,C
719850,0,1,77027,93660,25,120,4.24,0,0,0,1,0,0,C
719855,0,0,89109,37456,31,60,2.24,0,0,0,1,1,0,B
719898,0,1,92663,103817,5,90,3.17,99,0,0,1,0,0,C
719900,0,1,94401,77198,9,60,4.92,0,0,0,1,0,0,C
719901,0,0,92563,80418,69,60,2.58,0,0,0,1,0,0,C
719914,0,1,90007,21195,2,60,3.77,0,0,0,1,0,0,C
719925,1,1,90069,78840,2,90,4.03,0,0,0,0,1,0,C
719931,0,1,90046,66063,2,60,3.90,0,0,0,1,1,0,C
720021,3,18,90501,60024,2,90,3.73,0,0,0,0,0,1,C
720041,0,12,10003,89999,10,60,3.69,0,134,0,1,0,0,C
720049,0,1,11738,82335,36,60,2.02,0,0,0,0,0,0,C
720062,0,9,78746,144895,12,90,4.07,0,0,1,0,1,0,C
720095,0,4,37203,27644,52,60,3.15,0,0,0,0,0,0,C
720116,0,11,98122,57971,15,60,4.36,0,0,0,1,0,0,C
720127,0,3,94025,110862,9,120,5.00,0,0,0,0,0,0,C
720131,0,1,75126,82847,17,60,3.34,0,0,0,0,0,0,C
720133,0,69,32826,49458,34,60,3.17,0,0,0,0,0,0,C
720140,0,2,70005,60031,46,90,2.50,0,0,0,0,0,0,C
720151,0,7,78741,28600,12,60,4.36,0,0,1,0,0,0,C
720152,2,2,21237,62955,41,90,2.46,0,0,1,0,0,0,C
720154,0,2,20016,138566,14,60,3.05,0,0,0,0,0,0,C
720157,0,1,92064,102994,13,60,3.43,0,0,0,0,0,0,B
720172,0,3,22202,101770,14,60,1.86,0,0,1,0,0,0,C
720181,0,2,10306,75212,58,60,2.58,0,99,0,1,0,0,C
720186,0,3,93013,68142,50,90,3.13,0,0,0,0,0,0,C
720215,3,1,30309,68825,21,60,3.73,0,0,0,1,0,0,C
720220,3,1,10031,31526,10,60,1.90,0,185,0,0,1,1,C
720226,0,2,94526,122212,53,60,3.73,0,0,0,0,0,0,C
720232,0,1,33133,69702,4,60,4.92,0,0,1,0,0,0,C
720234,0,54,98121,53600,15,60,4.32,0,0,1,0,1,0,C
720238,0,4,97232,55155,29,60,2.46,20,0,1,0,0,0,C
720241,0,4,20005,68818,14,120,3.61,0,0,1,0,1,0,C
720242,0,1,85032,51731,3,90,3.21,0,0,0,0,0,0,C
720251,0,6,94080,75511,1,60,4.88,0,0,1,0,0,0,C
720272,0,31,90210,143667,2,60,4.90,20,0,0,1,1,0,C
720273,0,3,33314,43157,4,90,4.07,20,0,1,0,1,0,C
720277,0,4,40059,115056,49,60,3.21,0,0,0,1,0,0,C
720298,0,3,92677,97860,5,90,4.36,0,0,1,0,1,0,C
720305,0,2,90036,77165,2,60,3.77,0,0,0,0,0,0,C
720335,0,1,20007,58916,14,60,4.88,0,0,1,0,0,0,C
720339,0,5,94110,75106,1,60,3.03,0,99,1,0,0,0,C
720345,0,115,80207,53151,28,60,3.17,0,0,0,0,1,1,C
720346,0,4,20001,60288,14,90,4.88,0,0,0,1,0,0,C
720347,0,1,92011,94320,13,90,3.77,0,0,0,0,0,0,C
720356,0,1,33069,35145,4,90,3.21,0,0,0,1,0,0,C
720363,0,1,75206,53391,17,60,4.96,0,0,1,0,0,0,C
720365,0,2,80202,55448,28,60,2.41,20,0,1,0,0,0,C
720389,0,1,33140,86562,4,60,3.73,0,0,1,0,0,0,C
720392,0,1,90035,67964,2,90,4.32,20,0,0,0,0,0,C
720397,0,71,11211,37632,10,60,3.73,0,0,1,0,0,0,C
720398,1,5,91741,86841,32,60,4.92,0,0,1,0,1,0,C
720414,0,1,75225,134159,17,90,2.54,0,0,1,0,0,0,C
720424,0,1,33179,49898,4,60,3.86,0,0,1,0,1,0,C
720428,3,4,55122,77882,24,60,3.77,0,0,0,1,0,1,C
720441,0,1,60616,47562,18,90,3.73,0,0,0,1,0,0,B
720454,0,2,10012,81317,10,60,3.73,0,0,0,1,0,0,B
720458,0,1,90046,66063,2,90,4.94,0,0,1,0,1,0,B
720461,0,1,33132,50556,4,60,3.09,0,0,0,1,1,0,C
720473,0,87,30135,67608,21,120,4.36,0,0,0,0,0,1,C
720488,0,5,92240,37645,68,60,2.81,0,0,0,1,1,0,C
720507,0,22,20018,52547,14,60,3.13,0,0,1,0,0,0,C
720508,0,1,77056,95008,25,60,4.92,20,0,0,1,0,0,C
720519,0,4,90045,93889,2,60,3.59,99,0,0,1,0,0,C
720521,0,1,30030,71913,21,60,3.09,0,0,0,1,0,0,C
720524,0,4,30337,29723,21,120,3.17,0,0,0,1,0,0,C
720531,0,27,94530,81373,53,60,3.17,20,0,0,1,0,0,C
720533,0,1,94606,36899,53,60,4.92,0,0,1,0,0,0,C
720543,3,3,90804,41340,2,90,3.73,0,0,0,0,0,1,C
720546,0,1,92130,127760,13,90,3.73,0,0,1,0,0,0,C
720572,0,1,90255,38259,2,60,4.32,0,99,1,0,0,0,B
720575,0,1,90403,74213,2,60,4.36,0,0,1,0,1,0,C
720581,0,1,43017,102281,55,60,1.33,0,0,0,1,0,0,C
720585,0,1,45242,84479,42,60,2.50,0,0,0,1,0,0,C
720609,0,1,92130,127760,13,90,3.09,0,0,0,1,0,0,C
720614,0,1,94109,59205,1,60,4.92,0,0,1,0,0,0,C
720623,0,1,21231,49767,41,60,3.09,0,0,0,1,0,0,C
720632,0,1,20037,60051,14,90,2.97,0,0,0,1,0,0,C
720641,0,1,30303,27682,21,90,1.86,0,0,0,1,0,0,B
720648,0,1,95123,87168,9,60,3.13,0,0,0,1,0,0,C
720651,0,22,77042,54081,25,60,4.60,0,0,1,0,1,0,C
720652,0,21,33009,35776,4,60,3.69,0,0,0,0,1,0,C
720669,0,0,60603,76101,18,90,3.05,0,0,0,1,0,0,C
720678,0,18,94526,122212,53,90,4.88,0,0,0,0,0,0,C
720691,0,29,92037,94528,13,90,3.11,20,145,1,0,1,0,C
720733,0,1,90012,39775,2,60,4.88,0,0,0,1,0,0,C
720746,0,1,90007,21195,2,60,3.61,0,0,0,1,0,0,C
720748,0,1,92663,103817,5,90,3.45,99,0,0,1,0,0,C
720759,1,23,75023,77303,17,60,4.96,20,0,0,1,0,0,C
720760,0,1,60134,101941,18,60,1.74,0,0,0,1,0,0,C
720765,0,1,97007,71418,29,60,1.94,0,0,0,1,0,0,C
720790,0,1,91604,92632,2,60,4.36,0,0,0,1,0,0,C
720792,0,0,97205,40051,29,60,4.36,0,0,0,1,0,0,C
720798,0,1,90045,93889,2,60,4.88,0,0,0,1,0,0,C
720804,0,1,90068,81204,2,90,4.96,0,0,1,0,0,0,C
720808,0,1,90035,67964,2,60,4.96,0,0,0,1,0,0,C
720827,0,1,94103,53548,1,90,3.77,0,0,0,1,0,0,C
720829,0,1,90291,71035,2,60,4.92,0,0,0,1,0,0,C
720831,2,31,90004,40358,2,60,3.90,0,0,1,0,1,1,C
720852,0,1,90048,71132,2,60,4.28,0,0,0,1,0,0,C
720865,0,9,85004,28008,3,120,3.19,0,81,0,0,1,0,C
720882,4,1,94704,32315,53,60,2.97,0,0,1,0,0,1,C
720894,1,5,89109,37456,31,60,4.96,0,0,1,0,0,0,C
720939,0,3,89052,80294,31,60,3.47,0,0,0,1,1,0,B
720974,0,74,20901,87899,14,60,3.05,20,0,0,0,0,1,C
721011,0,7,10040,37107,10,60,4.96,20,0,1,0,0,0,C
721017,0,35,19128,57733,22,60,3.73,0,0,0,1,0,0,C
721037,4,3,10028,105456,10,60,3.73,0,0,1,0,0,1,B
721048,0,9,90265,126936,2,90,4.32,0,0,1,0,0,0,C
721052,3,1,90621,55410,5,60,3.81,0,0,0,0,0,1,B
721076,0,1,94596,89985,53,90,4.88,0,0,0,0,0,0,C
721083,0,87,60622,62491,18,60,4.34,0,0,0,0,1,1,C
721103,0,43,11210,55001,10,60,1.98,0,0,0,0,0,0,C
721121,0,49,11222,54367,10,60,4.92,0,99,0,0,0,0,C
721125,0,74,55403,38713,24,60,3.77,0,0,0,0,0,1,C
721138,0,44,19083,85255,22,60,2.48,20,0,0,0,0,0,C
721142,0,1,90401,45854,2,60,3.73,0,0,0,0,0,0,B
721143,0,95,60618,58006,18,90,4.96,0,0,0,0,1,1,C
721149,0,1,10023,108286,10,120,3.73,0,0,0,0,0,0,B
721154,0,69,92264,47050,68,60,2.18,0,0,0,0,1,1,C
721156,0,0,33146,75696,4,120,4.92,0,0,0,0,0,0,B
721161,1,3,90024,52965,2,60,3.17,0,0,1,0,0,0,B
721170,0,8,37212,45696,52,60,3.21,0,0,0,1,0,0,C
721177,0,49,75093,106348,17,60,4.96,0,99,0,0,0,0,C
721180,0,56,90046,66063,2,60,4.92,0,0,1,0,1,0,C
721208,0,3,75078,106160,17,60,4.96,0,0,1,0,1,0,C
721235,0,1,46204,41595,27,90,3.13,0,0,1,0,0,0,C
721237,0,1,78704,47497,12,60,4.34,0,0,1,0,1,0,A
721243,2,1,94114,103206,1,60,3.73,0,0,0,0,0,1,C
721248,0,3,73162,72427,37,60,2.85,0,0,1,0,0,0,C
721260,0,1,92563,80418,69,60,3.17,0,0,0,0,0,0,C
721262,0,57,20036,82170,14,60,3.99,20,0,1,0,1,1,C
721279,0,1,48141,32810,66,60,2.02,0,0,1,0,0,0,C
721306,2,3,10022,93107,10,90,3.69,0,0,1,0,0,1,C
721307,0,71,20148,144065,14,60,2.75,0,0,1,0,0,1,C
721311,2,1,91403,84293,2,90,2.93,0,0,0,1,0,0,B
721312,0,2,37201,40794,52,60,3.13,0,0,1,0,0,0,C
721351,0,1,37204,58789,52,60,3.17,0,0,1,0,0,0,C
721355,0,1,21093,88854,41,60,3.01,0,0,1,0,0,0,C
721362,0,1,80202,55448,28,90,2.50,0,0,1,0,0,0,C
721363,4,1,91367,86957,2,60,4.36,0,0,0,1,0,1,C
721364,0,2,77092,36941,25,90,4.60,0,0,1,0,1,0,C
721367,0,1,90025,68806,2,60,4.90,99,0,1,0,0,0,C
721371,0,19,10033,36463,56,60,4.92,0,129,0,0,1,0,C
721393,0,1,92253,73513,68,60,3.05,0,0,1,0,0,0,C
721405,0,2,43215,37978,55,120,3.15,0,0,0,1,1,0,C
721431,0,1,33154,65690,4,60,4.92,0,0,0,1,0,0,C
721441,0,1,30035,43254,21,60,3.13,0,0,0,1,0,0,B
721450,2,1,90065,56161,2,60,4.34,20,0,0,1,1,0,C
721456,0,2,90265,126936,2,60,3.05,0,0,1,0,0,0,B
721459,0,3,90024,52965,2,90,3.73,0,0,0,1,0,0,C
721469,0,2,75068,74370,17,60,4.88,20,0,0,1,0,0,C
721484,0,3,90019,42615,2,60,3.73,0,0,0,1,0,0,C
721504,0,1,85383,97469,3,60,2.62,0,0,0,1,0,0,C
721505,0,4,90047,42795,2,60,4.28,20,0,0,1,0,0,C
721516,0,1,20006,12103,14,60,2.37,0,0,0,1,0,0,B
721519,0,16,80221,42702,28,60,3.13,0,0,0,0,1,0,C
721536,1,16,20018,52547,14,60,2.50,0,99,1,0,0,0,C
721556,0,1,75038,46539,17,60,3.13,0,0,0,1,0,0,C
721561,0,1,91773,76397,32,90,3.69,20,0,0,0,0,0,C
721565,0,1,10013,69836,10,60,3.39,0,0,0,1,1,0,C
721572,0,1,75207,30000,17,60,4.96,0,0,0,1,0,0,B
721586,0,2,90046,66063,2,60,4.88,99,0,0,1,0,0,C
721606,0,2,75247,30000,17,60,2.54,0,0,0,1,0,0,C
721607,0,0,78205,25779,45,60,4.40,0,0,0,1,0,0,C
721623,0,1,98188,44313,15,60,3.13,0,0,0,1,0,0,C
721632,0,1,90045,93889,2,60,3.17,0,0,0,1,0,0,C
721636,0,1,95131,96065,9,60,3.05,0,0,0,1,1,0,C
721651,0,0,91403,84293,2,60,3.05,20,0,0,1,0,0,C
721652,0,0,91403,84293,2,60,4.32,20,0,0,1,0,0,C
721674,0,9,33312,47575,4,60,4.28,0,0,0,0,0,0,C
721703,0,1,90265,126936,2,90,3.13,0,0,0,1,0,0,C
721717,0,1,85004,28008,3,60,4.36,0,0,0,1,0,0,C
721719,0,1,89109,37456,31,60,2.54,0,0,0,1,0,0,C
721744,0,8,32830,61087,34,60,2.50,0,0,0,0,0,0,C
721769,0,1,90042,53075,2,60,3.73,0,0,0,1,0,0,C
721792,0,59,95128,64158,9,60,4.84,0,0,0,0,0,1,C
721837,0,6,10009,56615,10,90,3.69,0,0,0,0,1,0,C
721848,0,2,33010,26222,4,120,3.39,0,0,0,0,1,0,C
721859,0,1,75051,37443,17,90,3.69,0,0,0,0,0,0,B
721876,0,49,10018,84799,10,60,2.79,0,0,0,0,0,1,C
721885,0,0,23320,67116,43,60,3.09,0,0,0,0,0,0,C
721899,0,13,30339,65986,21,60,3.43,0,0,0,0,0,0,C
721910,0,74,78734,82471,12,90,3.13,0,0,0,0,0,1,C
721911,0,3,90036,77165,2,90,1.90,0,0,0,0,0,0,C
721919,0,1,30319,84592,21,60,3.13,0,0,0,0,0,0,C
721951,0,1,10025,65001,10,60,4.94,0,0,0,0,0,0,C
721959,0,26,28075,80432,39,90,3.13,0,0,0,0,0,0,C
721968,0,6,11030,169390,36,60,3.75,25,0,1,0,0,0,C
721972,0,1,95409,70211,51,120,3.81,0,0,0,0,0,0,C
721973,0,2,78154,77200,45,60,3.13,0,0,0,1,0,0,C
721974,3,8,98178,55777,15,120,2.54,0,0,1,0,0,1,C
721977,0,1,90069,78840,2,60,4.96,20,0,0,0,0,0,C
721989,0,3,90015,24762,2,90,4.92,0,0,0,0,0,0,C
721993,0,3,53211,57739,44,60,1.94,0,0,0,0,0,0,C
722018,1,1,90069,78840,2,60,4.92,0,0,1,0,0,0,C
722041,0,1,33624,60767,74,60,3.73,0,0,0,0,0,0,C
722058,0,1,78704,47497,12,60,3.21,0,0,1,0,0,0,C
722064,0,1,21237,62955,41,60,3.21,0,0,0,0,0,0,C
722083,0,23,75215,22723,17,60,4.96,20,0,0,0,0,0,C
722089,0,4,95673,61290,71,60,3.21,20,0,1,0,1,0,C
722099,0,3,32801,27799,34,60,2.99,0,0,1,0,1,0,C
722102,0,2,10007,145459,10,60,3.87,0,0,1,0,1,0,C
722103,0,1,90230,74348,2,60,4.34,0,99,0,0,0,0,C
722117,0,6,75025,108349,17,60,4.96,0,0,0,1,0,0,C
722143,0,2,92101,39102,13,60,3.15,20,0,1,0,0,0,C
722148,0,1,10032,29536,10,60,3.01,20,0,1,0,0,0,A
722172,0,3,28027,61136,39,60,2.02,20,0,0,1,0,0,C
722176,1,1,94129,117500,1,90,2.89,0,0,0,1,0,0,C
722181,0,1,90077,205546,2,60,4.88,0,0,0,0,0,0,C
722238,0,1,77079,102246,25,60,4.55,0,0,1,0,1,0,C
722252,0,5,90014,13832,2,90,3.41,0,300,0,1,1,0,C
722258,0,2,10013,69836,10,60,3.41,0,0,0,1,1,0,C
722262,0,1,90069,78840,2,60,4.96,0,0,1,0,0,0,C
722264,0,22,94121,80980,1,60,3.77,0,0,0,0,0,0,C
722272,0,2,60618,58006,18,90,3.13,0,0,1,0,0,0,C
722287,0,27,92618,95198,5,90,4.92,0,0,1,0,0,0,C
722294,0,17,76110,36729,17,90,3.17,0,0,0,0,0,0,C
722305,0,3,41017,68348,42,60,2.50,0,0,0,1,0,0,C
722307,0,2,97201,51690,29,90,3.05,0,0,1,0,0,0,C
722321,0,5,94122,77483,1,60,4.96,20,0,0,1,0,0,C
722322,0,1,85303,51462,3,60,3.69,0,0,1,0,0,0,C
722324,0,43,32789,73938,34,90,2.54,20,0,0,0,1,1,C
722328,0,1,78704,47497,12,90,3.69,0,0,0,1,0,0,C
722329,0,2,92663,103817,5,60,3.09,0,0,1,0,0,0,C
722331,0,2,94118,75724,1,60,2.02,0,0,1,0,0,0,C
722332,0,1,92007,86585,13,60,4.36,20,0,1,0,0,0,C
722335,0,18,34786,89067,34,60,3.17,0,0,0,0,1,0,C
722336,0,6,91204,37177,2,60,4.96,0,0,0,1,0,0,C
722339,0,44,78701,65353,12,120,4.34,0,0,0,0,1,1,C
722343,0,1,33029,96743,4,60,2.97,20,0,0,1,0,0,C
722346,0,1,10019,84786,10,60,3.01,0,0,0,1,0,0,C
722351,0,1,20036,82170,14,60,2.97,0,0,0,1,0,0,C
722368,0,1,77025,70505,25,120,4.96,0,0,0,1,0,0,C
722372,0,2,90024,52965,2,60,4.92,99,0,1,0,0,0,C
722393,0,1,60611,85578,18,60,3.09,0,0,0,1,0,0,C
722415,0,1,85048,98126,3,60,3.13,0,0,0,1,0,0,C
722430,0,8,90210,143667,2,60,4.92,0,0,0,1,0,0,C
722454,0,0,77396,57691,25,120,1.90,0,0,0,1,0,0,B
722463,1,1,30349,49881,21,90,3.73,0,0,0,1,0,0,C
722465,0,1,10022,93107,10,90,1.98,0,0,0,1,0,0,C
722468,0,11,46032,99802,27,60,3.21,0,0,0,0,0,0,C
722492,0,22,32830,61087,34,60,4.92,20,0,0,1,0,0,C
722497,0,1,90069,78840,2,90,3.41,0,0,0,1,1,0,C
722499,2,1,94123,104750,1,60,4.88,20,0,1,0,0,1,C
722501,0,1,90272,150466,2,60,4.32,0,0,0,1,1,0,C
722507,0,6,94538,81251,9,60,3.92,0,0,0,1,0,0,C
722516,0,1,84102,36145,38,90,4.96,0,0,0,0,0,0,C
722519,0,1,90069,78840,2,90,2.93,20,0,1,0,0,0,C
722527,0,1,94103,53548,1,60,4.88,20,0,0,1,0,0,C
722528,0,1,90049,131636,2,60,3.71,0,0,0,1,0,0,C
722540,0,1,92109,65767,13,60,3.77,20,0,0,1,0,0,C
722551,0,1,94549,131151,53,90,3.77,0,0,0,1,0,0,C
722560,0,0,85281,36350,3,60,1.98,0,0,0,1,0,0,C
722576,0,46,94109,59205,1,60,3.09,0,0,0,0,0,1,C
722577,0,1,90004,40358,2,60,3.61,0,0,0,1,0,0,C
722586,2,11,97219,78979,29,90,2.87,20,0,0,0,1,1,C
722595,0,1,90803,72287,2,60,3.21,0,0,0,1,0,0,C
722607,0,1,94103,53548,1,60,4.92,20,0,0,1,0,0,C
722616,0,5,89031,69313,31,60,4.36,0,0,1,0,0,0,C
722619,1,1,90028,31718,2,120,3.73,0,185,0,0,0,1,C
722633,0,1,91770,49191,2,60,4.01,208,0,0,0,1,0,C
722675,0,1,20008,93842,14,90,3.54,0,0,0,0,1,0,C
722735,0,1,11436,62297,57,60,3.01,0,0,0,0,0,0,C
722774,0,1,76226,118041,17,120,3.13,0,0,0,0,0,0,B
722785,0,6,40204,43421,49,60,3.13,20,0,1,0,0,0,C
722800,0,1,95124,100177,9,90,4.92,20,0,0,0,0,0,C
722803,0,11,92651,101084,5,90,3.71,0,0,1,0,1,0,C
722811,0,4,20002,61221,14,60,4.96,20,0,0,0,0,0,C
722812,0,1,32819,80419,34,60,2.37,0,0,0,0,0,0,C
722826,0,31,92625,122354,5,90,3.70,0,0,1,0,1,1,C
722828,0,4,95476,55282,51,90,3.69,20,0,1,0,0,0,C
722833,0,51,10003,89999,10,60,2.83,0,0,0,0,0,1,C
722835,0,1,80239,49027,28,60,2.50,0,0,0,0,1,0,C
722855,0,24,46062,77588,27,90,3.19,0,0,0,0,0,1,C
722873,0,1,45246,52188,42,90,2.54,0,0,0,0,0,0,B
722879,2,4,89131,88336,31,60,1.98,0,0,1,0,0,1,C
722887,0,5,21117,82242,41,60,2.73,0,99,1,0,0,0,C
722894,0,45,90046,66063,2,60,4.96,20,0,0,0,1,1,C
722900,0,1,33483,63886,4,60,4.36,0,0,0,0,1,0,B
722914,0,0,92679,145593,5,90,4.03,0,0,0,0,0,0,C
722916,0,9,94952,72230,51,90,3.81,0,0,0,1,0,0,C
722920,0,1,19004,116558,22,90,0.00,0,0,0,0,0,0,C
722936,0,1,92553,46793,32,120,4.92,0,0,1,0,0,0,B
722939,0,52,77004,32303,25,60,4.60,0,0,0,1,1,1,C
722943,0,1,91107,77719,2,60,4.88,0,0,0,0,0,0,C
722966,0,8,91504,72543,2,60,4.96,20,0,0,1,0,0,C
722968,0,3,92260,54344,68,60,3.05,0,0,0,0,0,1,C
722982,0,2,75211,36999,17,60,4.31,0,0,1,0,1,0,C
722994,0,1,94608,46499,53,90,4.28,0,0,0,0,0,0,B
722995,0,22,92109,65767,13,90,3.13,20,0,0,0,0,1,C
723000,0,1,94123,104750,1,60,3.17,0,109,0,0,0,0,C
723013,0,6,78723,40820,12,120,3.05,0,0,0,1,1,0,C
723032,0,1,60601,94715,18,90,4.96,0,0,1,0,0,0,B
723056,2,5,60601,94715,18,60,4.96,20,0,0,1,0,1,C
723059,0,2,10019,84786,10,60,3.13,0,0,1,0,1,0,C
723066,0,1,10065,108155,10,120,3.69,0,0,1,0,0,0,C
723071,0,1,37218,39207,52,60,4.92,20,0,0,1,0,0,C
723086,0,1,77007,76883,25,60,4.92,0,0,1,0,0,0,C
723110,1,6,43229,41689,55,120,3.05,15,0,0,1,0,1,C
723148,0,1,33130,27499,4,60,3.13,0,0,0,1,0,0,C
723161,0,25,93065,93759,2,90,4.96,0,0,1,0,0,1,C
723176,2,1,90272,150466,2,90,3.69,0,0,0,1,0,1,B
723179,1,2,80209,82848,28,90,2.41,0,0,1,0,0,1,C
723187,1,1,90045,93889,2,120,1.53,0,0,0,0,0,1,C
723205,0,1,94117,84802,1,60,3.77,0,0,1,0,0,0,C
723209,0,0,33021,57047,4,60,3.13,0,0,0,1,0,0,C
723221,0,1,94105,112333,1,60,3.73,0,0,1,0,0,0,C
723228,0,1,19066,142956,22,60,1.94,0,0,0,1,0,0,C
723243,0,1,94501,69601,53,60,3.69,20,0,1,0,0,0,C
723248,0,1,11001,96705,36,60,3.07,0,0,0,1,1,0,C
723255,0,1,75225,134159,17,60,4.96,20,0,0,1,0,0,C
723261,0,1,92104,48283,13,60,3.01,0,0,0,1,0,0,C
723273,0,1,75207,30000,17,60,4.96,0,0,0,1,0,0,C
723277,0,1,94559,58468,51,60,1.78,0,0,1,0,0,0,C
723283,0,17,90046,66063,2,60,3.73,0,0,0,0,1,1,B
723286,0,47,46062,77588,27,90,3.69,0,0,0,1,0,1,C
723287,0,15,92037,94528,13,90,3.37,0,0,0,0,1,1,C
723307,0,1,78703,80708,12,60,3.77,20,0,0,1,0,0,C
723308,0,0,77005,141929,25,60,4.96,20,0,0,1,0,0,C
723315,0,23,94112,72442,1,60,4.05,0,0,1,0,1,1,C
723327,0,1,94158,104684,1,60,3.17,0,0,1,0,0,0,C
723329,0,10,11208,33876,10,60,2.87,0,0,0,0,0,1,C
723343,0,1,76063,88323,17,60,2.48,0,0,0,1,1,0,C
723350,0,20,10011,92359,10,60,4.01,0,109,1,0,1,1,C
723357,0,13,94109,59205,1,60,4.01,0,0,0,0,0,1,C
723365,0,1,37203,27644,52,60,3.77,0,0,0,1,0,0,C
723373,0,40,30317,46559,21,90,3.13,20,0,0,0,0,1,C
723387,0,36,33131,70421,4,90,3.09,0,0,0,0,0,1,C
723391,0,6,30339,65986,21,60,3.17,99,0,0,1,0,1,C
723412,0,1,33131,70421,4,60,3.41,0,0,0,1,1,1,C
723414,0,2,94114,103206,1,60,3.45,0,0,0,1,1,0,C
723415,0,15,98107,64804,15,60,2.54,20,0,0,0,0,1,C
723416,0,1,90046,66063,2,60,3.05,20,0,0,1,0,0,C
723434,0,2,94110,75106,1,60,4.30,0,0,0,1,1,0,C
723440,0,1,85298,88826,3,60,1.98,20,0,0,1,0,0,C
723458,0,1,91302,135603,2,90,3.13,0,0,0,0,1,1,C
723470,0,1,95618,77297,71,60,1.78,0,0,0,1,0,0,C
723484,0,1,94611,115659,53,60,3.73,0,0,0,0,0,1,C
723495,0,1,90065,56161,2,60,4.36,20,0,0,1,0,0,C
723496,0,1,91941,72073,13,60,3.09,20,0,0,1,0,0,C
723510,0,1,90403,74213,2,60,3.73,99,0,0,1,0,0,C
723530,0,40,94027,216905,9,60,4.92,20,0,0,0,0,1,C
723550,0,13,60601,94715,18,60,4.96,20,0,0,0,1,1,C
723551,0,10,20005,68818,14,90,4.88,0,0,0,0,0,1,C
723556,0,6,75206,53391,17,60,4.96,0,0,0,0,0,1,C
723565,1,2,90292,97805,2,90,3.73,0,0,0,0,0,1,C
723575,0,24,94122,77483,1,60,4.92,0,0,1,0,1,1,C
723590,0,10,92101,39102,13,60,3.13,0,0,0,0,0,1,C
723593,0,1,90815,71281,2,60,3.19,0,0,0,1,1,0,C
723642,0,1,90503,79998,2,120,3.73,0,0,0,1,0,1,C
723702,0,10,98012,87772,15,60,4.28,0,0,0,0,0,1,C
723723,0,35,77584,90567,25,60,4.92,0,0,0,0,0,1,C
723726,0,6,92011,94320,13,60,2.75,0,0,0,0,1,1,C
723843,0,8,10014,98450,10,60,3.01,0,0,0,1,0,1,C
723869,0,6,21797,116020,41,60,2.87,0,0,1,0,1,1,C
723885,0,4,20017,54075,14,60,4.92,20,0,0,0,0,1,C
723920,0,3,78704,47497,12,60,3.69,0,0,0,0,0,1,C
723923,0,1,30308,51700,21,90,3.17,0,0,1,0,0,1,C
723935,0,4,94109,59205,1,60,4.90,20,0,0,0,0,1,C
723936,0,9,21208,73349,41,60,3.05,0,0,0,1,0,1,C
723939,0,1,80231,40034,28,90,3.17,0,0,0,0,0,1,C
723986,0,2,78215,27045,45,60,3.17,20,0,0,0,0,1,C
723987,0,2,78215,27045,45,60,4.96,20,0,0,0,0,1,C
723997,0,0,92108,63885,13,60,3.09,20,0,0,0,0,1,C
724013,0,11,90277,88300,2,120,4.92,0,0,0,1,0,1,C
724034,0,1,30309,68825,21,60,2.56,20,0,0,0,1,1,C
724056,0,28,90008,40973,2,60,4.96,0,0,0,0,0,1,C
724077,0,2,21090,76494,41,60,2.56,0,0,0,0,1,1,C
724078,0,2,90401,45854,2,60,3.77,20,0,0,0,0,1,C
724086,0,1,10018,84799,10,60,3.69,0,0,0,0,0,1,C
724087,0,3,98109,61978,15,90,3.13,0,0,0,0,0,1,C
724090,0,26,44114,22793,48,90,1.94,20,0,0,0,0,1,C
724112,0,1,20005,68818,14,60,4.88,0,0,0,0,0,1,C
724143,0,1,92071,70201,13,90,3.15,0,0,0,0,0,1,C
724151,0,1,77049,51296,25,60,3.13,0,0,0,0,0,1,C
724209,0,1,30327,141205,21,60,2.54,0,0,0,0,1,1,C
724214,0,1,77007,76883,25,90,3.17,0,0,0,1,0,1,C
724216,0,5,93105,79562,50,90,3.09,0,0,1,0,0,1,C
724217,1,5,91604,92632,2,90,3.94,20,0,0,1,1,1,C
724219,0,2,94109,59205,1,90,4.07,0,0,0,0,0,1,C
724226,0,4,19130,57296,22,60,3.73,0,0,1,0,1,1,C
724231,0,5,32246,56683,67,120,1.56,20,0,0,1,0,1,C
724238,0,1,90066,64732,2,60,3.45,0,0,0,0,1,1,C
724243,0,1,78216,47542,45,90,3.13,0,0,0,0,1,1,C
724257,0,2,94109,59205,1,90,3.13,0,0,0,0,0,1,C
724259,0,4,94122,77483,1,60,3.90,0,0,1,0,1,1,C
724268,0,1,78701,65353,12,90,3.09,0,0,1,0,0,1,B
724278,0,1,77494,112218,25,60,4.28,0,0,1,0,0,1,C
724292,0,1,78249,58880,45,90,4.07,0,0,0,0,1,1,C
724293,0,1,90048,71132,2,60,3.69,20,0,0,0,0,1,C
724294,0,1,92024,86889,13,60,3.17,20,0,0,0,0,1,C
724318,0,21,37027,124953,52,90,3.77,20,0,0,0,1,1,C
724320,0,1,89106,31945,31,60,4.36,0,0,0,0,0,1,C
724327,0,1,94025,110862,9,60,4.92,0,0,0,0,0,1,C
724337,0,1,73118,42814,37,60,3.05,0,0,1,0,0,1,C
724352,0,1,90293,104082,2,90,4.92,0,0,0,0,0,1,C
724360,0,2,94960,103154,51,60,3.21,0,0,1,0,1,1,C
724367,0,2,95678,65175,71,90,2.02,20,0,1,0,0,1,C
724383,0,2,10023,108286,10,60,3.65,20,0,1,0,0,1,C
724399,0,1,60602,93646,18,60,3.09,0,0,1,0,0,1,C
724403,0,2,90403,74213,2,60,4.32,0,0,1,0,1,1,C
724404,0,6,77019,94223,25,90,4.96,0,0,0,1,0,1,C
724405,0,21,91356,85626,2,90,4.90,0,0,0,0,1,1,C
724410,0,6,91321,61581,2,60,4.15,0,0,0,1,0,1,C
724437,0,1,90024,52965,2,60,3.43,0,0,0,0,1,1,B
724442,0,1,45069,87496,42,120,2.41,0,0,1,0,0,1,C
724467,0,1,33130,27499,4,90,3.13,0,0,1,0,0,1,C
724468,0,1,91607,58121,2,90,3.77,0,0,1,0,0,1,B
724470,0,1,94022,166448,9,90,3.05,0,0,1,0,0,1,B
724474,0,2,10036,62393,10,90,4.92,0,0,0,1,0,1,C
724480,0,2,77380,66375,25,60,4.96,0,0,1,0,0,1,C
724484,0,5,10023,108286,10,60,3.41,20,0,1,0,1,1,C
724495,1,1,89147,59080,31,60,3.39,0,0,1,0,1,1,C
724507,0,3,94109,59205,1,60,3.35,20,0,1,0,1,1,C
724517,0,2,75115,62682,17,60,4.92,0,0,1,0,0,1,C
724518,0,1,92234,48784,68,60,3.13,0,0,1,0,0,1,C
724540,0,1,98056,64105,15,60,3.71,20,0,1,0,1,1,C
724545,0,1,94901,73424,51,90,1.98,0,0,1,0,0,1,C
724557,0,1,44129,49152,48,60,2.50,0,0,0,1,0,1,C
724562,0,1,90035,67964,2,60,4.88,20,0,1,0,0,1,B
724568,0,2,33701,29174,74,90,3.73,0,0,0,1,0,1,C
724592,0,0,91733,44344,32,60,4.30,0,0,1,0,0,1,C
724600,0,3,95476,55282,51,90,3.17,0,0,1,0,1,1,C
724626,0,1,77389,86907,25,90,2.26,0,0,0,1,1,1,C
724650,0,5,94501,69601,53,90,4.60,20,0,0,1,0,1,C
724655,0,1,90049,131636,2,90,3.11,0,0,1,0,1,1,C
724660,0,1,30326,102044,21,60,3.09,0,0,0,1,0,1,B
724683,0,12,21202,15615,41,60,3.13,0,0,0,0,0,1,C
724696,0,17,94110,75106,1,60,4.92,20,0,0,0,0,1,C
724701,0,0,76034,142143,17,60,3.69,20,0,1,0,0,1,C
724714,0,3,92056,68643,13,60,2.54,0,0,0,1,1,1,C
724732,0,1,90026,43918,2,60,4.50,20,0,1,0,0,1,C
724741,0,0,10065,108155,10,60,3.77,0,0,0,1,0,1,C
724764,0,1,20008,93842,14,60,2.46,0,0,0,1,1,1,C
724790,0,18,94110,75106,1,60,3.17,0,0,0,0,0,1,C
724792,0,1,90265,126936,2,60,4.28,20,0,1,0,0,1,C
724801,0,1,10014,98450,10,90,1.90,0,0,0,1,0,1,C
724803,0,1,94103,53548,1,60,3.61,0,0,1,0,0,1,C
724813,0,0,11217,72611,10,60,2.54,20,0,0,1,0,1,C
724830,0,2,77377,90104,25,60,0.00,0,0,0,1,0,1,C
724831,0,2,94107,99924,1,60,2.99,0,0,0,1,1,1,C
724835,0,1,90291,71035,2,120,4.96,0,0,0,1,0,1,B
724850,0,1,92264,47050,68,60,3.13,20,0,0,0,0,1,C
724862,0,0,94105,112333,1,60,4.96,0,0,1,0,0,1,C
724871,0,4,90211,79233,2,60,4.88,33,0,0,1,0,1,C
724892,0,1,80127,101405,28,60,3.17,0,0,0,0,0,1,C
724921,0,0,20007,58916,14,90,1.86,0,0,1,0,0,1,C
724952,0,1,94028,166454,9,60,3.07,0,0,0,1,0,1,C
725013,0,1,77056,95008,25,60,3.13,0,0,0,1,0,1,C
725028,0,11,43235,71006,55,60,4.36,0,0,0,0,0,1,C
725029,0,1,85254,87185,3,60,3.05,0,0,0,1,0,1,C
725083,0,1,92673,120403,5,60,4.28,0,0,0,1,0,1,C
725087,0,1,75063,73463,17,60,4.92,0,0,1,0,0,1,C
725112,0,2,90056,90800,2,60,4.03,0,0,1,0,0,1,C
725170,0,20,90034,59406,2,60,4.54,0,99,1,0,0,1,C
725243,0,18,90212,74058,2,120,4.64,0,0,1,0,0,1,C
725407,0,6,11204,42764,10,60,1.86,0,0,0,0,0,1,C
725484,0,5,10451,22970,10,90,3.69,0,0,0,0,0,1,C
725496,0,4,43215,37978,55,60,4.36,0,0,0,0,0,1,C
725515,0,1,77379,100527,25,90,4.92,0,0,0,0,0,1,C
725521,0,1,33133,69702,4,60,3.73,0,99,0,0,0,1,C
725522,0,1,60610,61110,18,60,4.96,0,0,0,0,0,1,C
725556,0,8,33130,27499,4,90,3.17,20,0,0,1,0,1,C
725589,0,2,11937,79893,36,60,3.01,0,0,0,0,1,1,C
725618,0,2,90016,37223,2,90,4.32,0,0,0,0,0,1,C
725621,0,0,75024,98466,17,60,4.88,0,0,0,0,0,1,C
725634,0,2,91106,64956,2,60,4.96,0,0,0,0,0,1,C
725642,0,5,92115,44381,13,90,3.01,20,0,0,0,0,1,C
725648,0,1,94109,59205,1,60,3.73,20,0,0,0,0,1,C
725667,0,1,90034,59406,2,60,4.96,0,0,0,0,0,1,C
725706,0,2,91601,47987,2,90,4.96,20,0,1,0,0,1,C
725726,0,1,11215,81331,10,60,3.77,0,0,1,0,0,1,C
725745,0,1,94116,95090,1,60,3.69,0,0,0,1,0,1,C
725749,0,2,94102,29613,1,60,3.61,0,0,0,1,0,1,B
725751,0,1,98106,60618,15,90,3.13,0,0,0,0,0,1,C
725769,0,1,94117,84802,1,60,4.92,0,0,0,0,0,1,C
725771,0,1,89121,47453,31,60,3.05,0,0,0,0,0,1,C
725776,0,4,10011,92359,10,60,3.77,0,0,1,0,0,1,C
725780,0,7,75206,53391,17,60,3.61,20,0,0,1,1,1,C
725781,0,0,33139,48799,4,90,3.09,20,0,0,0,0,1,C
725785,0,7,37219,41457,52,60,3.21,0,0,0,1,0,1,C
725796,0,1,98112,90529,15,60,3.73,0,0,0,0,0,1,B
725806,0,8,85379,73269,3,60,3.73,0,0,0,1,0,1,C
725809,0,1,10021,113800,10,90,2.87,0,0,1,0,0,1,C
725814,0,2,11963,91016,36,90,3.13,0,0,1,0,0,1,C
725819,0,1,10065,108155,10,60,3.73,20,0,0,1,0,1,C
725824,0,1,94110,75106,1,60,3.17,0,0,0,0,0,1,C
725825,0,5,23451,65356,43,60,3.09,0,0,0,1,0,1,C
725850,0,1,85282,52018,3,120,3.13,0,0,0,0,0,1,C
725855,0,1,33139,48799,4,90,3.13,20,0,1,0,0,1,C
725871,0,6,94107,99924,1,60,3.61,20,0,0,1,0,1,C
725872,0,1,76102,38187,17,120,4.92,0,0,0,1,0,1,C
725878,0,1,43214,60865,55,60,4.36,0,0,1,0,0,1,C
725884,0,1,90041,62318,2,60,4.36,20,0,0,0,0,1,C
725896,0,5,94609,48200,53,60,4.32,20,0,1,0,1,1,C
725901,0,1,60654,93396,18,60,2.46,20,0,0,0,0,1,C
725931,0,0,94110,75106,1,60,3.73,20,0,0,0,0,1,C
725932,0,0,97068,86043,29,120,3.73,0,0,0,0,0,1,C
725987,0,1,60654,93396,18,60,4.96,0,0,1,0,1,1,C
726006,0,1,90048,71132,2,60,3.73,0,0,0,0,0,1,C
726009,0,0,92101,39102,13,60,3.13,0,0,0,0,0,1,C
726024,0,4,55116,66181,24,60,3.17,20,0,0,1,1,1,C
726037,0,2,90046,66063,2,60,3.95,20,0,0,0,1,1,C
726075,0,3,94607,36748,53,60,3.73,20,0,0,1,0,1,C
726077,0,2,77092,36941,25,120,4.24,0,0,1,0,0,1,C
726122,0,1,33716,44507,74,60,3.73,20,0,1,0,0,1,C
726146,0,1,90069,78840,2,90,3.61,0,0,0,0,1,1,C
726184,0,1,60611,85578,18,60,2.02,20,0,0,1,0,1,C
726226,0,1,10024,110999,10,60,2.50,0,0,1,0,0,1,C
726246,0,1,91367,86957,2,60,3.05,0,0,1,0,0,1,C
726258,0,1,10016,96760,10,60,3.99,0,0,1,0,1,1,C
726264,0,1,92014,128155,13,90,3.17,0,0,1,0,0,1,C
726281,0,0,32801,27799,34,60,3.13,0,0,1,0,0,1,C
726282,0,3,60605,74841,18,120,2.50,0,0,0,1,0,1,C
726289,0,1,94117,84802,1,60,3.61,0,0,1,0,0,1,C
726295,0,1,97217,48622,29,90,4.36,0,0,1,0,0,1,C
726299,0,0,90028,31718,2,60,3.36,20,0,1,0,1,1,C
726302,0,4,92620,102095,5,60,3.71,0,0,0,1,1,1,C
726318,0,2,77379,100527,25,90,2.37,0,0,0,1,0,1,C
726334,0,1,33486,70153,4,90,2.26,0,0,0,1,0,1,C
726352,0,1,98103,69942,15,60,3.71,20,0,1,0,1,1,C
726358,0,1,90069,78840,2,90,4.88,0,0,1,0,0,1,C
726362,0,1,78258,112080,45,60,2.83,20,0,0,1,0,1,C
726369,0,3,10007,145459,10,60,3.09,20,0,0,1,0,1,C
726370,0,1,76179,73086,17,60,2.62,0,0,1,0,0,1,C
726411,0,2,92592,86149,69,120,3.13,0,0,0,1,0,1,C
726424,0,1,93065,93759,2,60,3.39,0,0,1,0,0,1,C
726440,0,3,98101,37606,15,60,3.13,0,0,0,1,0,1,C
726473,0,1,33767,63893,67,90,0.85,0,0,0,1,0,1,C
726487,0,1,92130,127760,13,60,3.13,0,0,1,0,1,1,C
726504,0,0,77469,68485,25,60,3.75,0,0,0,1,0,1,C
726551,0,1,94115,76493,1,60,3.13,0,0,1,0,0,1,C
726606,0,2,80224,43989,28,60,1.88,0,0,0,1,1,1,C
726629,0,3,90012,39775,2,60,4.28,0,0,0,1,0,1,C
726650,0,1,90026,43918,2,120,4.92,0,0,0,1,0,1,B
726657,0,1,90028,31718,2,90,4.36,20,0,0,1,0,1,C
726658,0,1,91604,92632,2,60,4.92,0,99,0,1,0,1,C
726668,0,1,90266,137077,2,90,4.07,0,0,0,1,1,1,C
726711,0,1,76051,83585,17,60,3.69,0,0,0,1,0,1,C
726813,0,1,93065,93759,2,60,3.05,0,99,0,1,0,1,C
726827,0,1,90026,43918,2,60,2.79,0,0,0,1,1,1,C
726873,0,1,90048,71132,2,60,3.17,0,0,0,1,0,1,C
